GEOID20,county,r_drive_local,segments_reachable
120570001011,Hillsborough,0.090808,2334
120570001012,Hillsborough,0.090670,2305
120570001013,Hillsborough,0.091035,2275
120570001014,Hillsborough,0.089807,2348
120570001021,Hillsborough,0.089595,2225
120570001022,Hillsborough,0.090393,2333
120570001023,Hillsborough,0.090679,2316
120570001024,Hillsborough,0.090742,2320
120570002011,Hillsborough,0.089820,2422
120570002012,Hillsborough,0.089837,2437
120570002021,Hillsborough,0.089792,2394
120570002022,Hillsborough,0.089986,2397
120570002023,Hillsborough,0.089711,2391
120570003011,Hillsborough,0.089705,2429
120570003012,Hillsborough,0.089531,2417
120570003013,Hillsborough,0.089620,2434
120570003014,Hillsborough,0.089614,2420
120570003021,Hillsborough,0.089562,2389
120570003022,Hillsborough,0.089569,2394
120570004011,Hillsborough,0.089995,2448
120570004012,Hillsborough,0.090142,2453
120570004013,Hillsborough,0.089915,2448
120570004021,Hillsborough,0.089744,2434
120570004022,Hillsborough,0.089627,2427
120570004023,Hillsborough,0.089640,2439
120570005001,Hillsborough,0.090132,2442
120570005002,Hillsborough,0.089853,2420
120570005003,Hillsborough,0.090134,2437
120570005004,Hillsborough,0.090292,2450
120570006011,Hillsborough,0.090177,2456
120570006012,Hillsborough,0.089950,2441
120570006013,Hillsborough,0.089985,2447
120570006021,Hillsborough,0.089718,2452
120570006022,Hillsborough,0.089642,2447
120570007011,Hillsborough,0.089572,2433
120570007012,Hillsborough,0.089540,2437
120570007021,Hillsborough,0.089374,2405
120570007022,Hillsborough,0.089299,2396
120570008001,Hillsborough,0.089752,2395
120570008002,Hillsborough,0.090364,2365
120570009011,Hillsborough,0.090453,2358
120570009012,Hillsborough,0.090597,2338
120570009013,Hillsborough,0.090349,2325
120570009021,Hillsborough,0.090641,2308
120570009022,Hillsborough,0.090377,2340
120570009023,Hillsborough,0.090529,2301
120570009024,Hillsborough,0.090467,2274
120570010011,Hillsborough,0.089274,2339
120570010012,Hillsborough,0.089267,2344
120570010021,Hillsborough,0.089785,2335
120570010022,Hillsborough,0.089831,2364
120570010023,Hillsborough,0.089842,2315
120570010024,Hillsborough,0.089899,2337
120570011001,Hillsborough,0.089277,2427
120570011002,Hillsborough,0.089204,2414
120570011003,Hillsborough,0.089074,2371
120570012001,Hillsborough,0.089373,2440
120570012002,Hillsborough,0.089199,2437
120570013001,Hillsborough,0.089642,2434
120570013002,Hillsborough,0.089658,2433
120570013003,Hillsborough,0.089180,2424
120570013004,Hillsborough,0.089478,2435
120570013005,Hillsborough,0.089190,2405
120570014001,Hillsborough,0.089144,2425
120570014002,Hillsborough,0.088951,2412
120570014003,Hillsborough,0.088774,2402
120570014004,Hillsborough,0.088930,2417
120570015001,Hillsborough,0.089031,2403
120570015002,Hillsborough,0.089011,2418
120570015003,Hillsborough,0.088987,2406
120570016001,Hillsborough,0.089117,2429
120570016002,Hillsborough,0.088988,2420
120570017001,Hillsborough,0.089098,2421
120570017002,Hillsborough,0.089209,2412
120570017003,Hillsborough,0.089213,2390
120570017004,Hillsborough,0.089050,2413
120570017005,Hillsborough,0.089134,2401
120570018001,Hillsborough,0.090043,2360
120570018002,Hillsborough,0.090036,2312
120570018003,Hillsborough,0.089674,2327
120570018004,Hillsborough,0.089893,2331
120570019001,Hillsborough,0.089693,2367
120570019002,Hillsborough,0.089296,2327
120570019003,Hillsborough,0.089242,2338
120570020001,Hillsborough,0.089307,2402
120570020002,Hillsborough,0.089120,2387
120570020003,Hillsborough,0.088987,2377
120570021001,Hillsborough,0.089084,2408
120570021002,Hillsborough,0.088967,2404
120570021003,Hillsborough,0.088785,2386
120570022001,Hillsborough,0.088884,2407
120570023001,Hillsborough,0.088691,2393
120570023002,Hillsborough,0.088620,2390
120570023003,Hillsborough,0.088541,2383
120570024001,Hillsborough,0.088412,2391
120570024002,Hillsborough,0.088917,2411
120570024003,Hillsborough,0.088605,2394
120570024004,Hillsborough,0.088262,2387
120570025001,Hillsborough,0.088478,2395
120570025002,Hillsborough,0.088728,2412
120570025003,Hillsborough,0.088152,2365
120570025004,Hillsborough,0.088147,2372
120570026001,Hillsborough,0.088272,2360
120570026002,Hillsborough,0.087371,2342
120570027011,Hillsborough,0.087841,2368
120570027012,Hillsborough,0.087546,2360
120570027013,Hillsborough,0.087355,2364
120570027021,Hillsborough,0.087433,2365
120570027022,Hillsborough,0.087308,2370
120570028001,Hillsborough,0.088238,2374
120570028002,Hillsborough,0.087766,2354
120570028003,Hillsborough,0.087324,2348
120570028004,Hillsborough,0.087371,2352
120570029001,Hillsborough,0.088121,2374
120570029002,Hillsborough,0.087886,2369
120570029003,Hillsborough,0.087601,2359
120570030001,Hillsborough,0.088775,2399
120570030002,Hillsborough,0.088580,2391
120570030003,Hillsborough,0.087997,2377
120570031001,Hillsborough,0.088619,2389
120570031002,Hillsborough,0.088619,2376
120570031003,Hillsborough,0.088848,2347
120570031004,Hillsborough,0.088855,2352
120570032001,Hillsborough,0.088395,2377
120570032002,Hillsborough,0.088169,2378
120570032003,Hillsborough,0.088337,2367
120570033001,Hillsborough,0.088620,2355
120570033002,Hillsborough,0.088549,2334
120570033003,Hillsborough,0.088425,2334
120570034001,Hillsborough,0.088837,2339
120570034002,Hillsborough,0.089486,2336
120570034003,Hillsborough,0.089227,2327
120570035001,Hillsborough,0.088515,2329
120570035002,Hillsborough,0.088618,2326
120570035003,Hillsborough,0.088749,2319
120570035004,Hillsborough,0.089058,2306
120570036001,Hillsborough,0.089656,2302
120570036002,Hillsborough,0.090057,2322
120570036003,Hillsborough,0.089793,2299
120570036004,Hillsborough,0.089372,2309
120570037001,Hillsborough,0.090151,2250
120570038001,Hillsborough,0.089014,2314
120570041001,Hillsborough,0.087897,2370
120570041002,Hillsborough,0.087723,2353
120570042001,Hillsborough,0.087284,2347
120570043001,Hillsborough,0.086979,2338
120570043002,Hillsborough,0.086868,2348
120570043003,Hillsborough,0.086747,2344
120570044001,Hillsborough,0.087200,2361
120570044002,Hillsborough,0.086954,2351
120570044003,Hillsborough,0.086991,2361
120570045001,Hillsborough,0.087068,2340
120570045002,Hillsborough,0.087361,2364
120570045003,Hillsborough,0.087138,2358
120570045004,Hillsborough,0.087263,2351
120570045005,Hillsborough,0.087179,2361
120570046011,Hillsborough,0.087134,2362
120570046012,Hillsborough,0.087077,2365
120570046021,Hillsborough,0.086650,2343
120570047001,Hillsborough,0.086322,2367
120570047002,Hillsborough,0.086398,2352
120570047003,Hillsborough,0.086659,2362
120570048001,Hillsborough,0.086848,2362
120570048002,Hillsborough,0.086857,2351
120570048003,Hillsborough,0.086618,2349
120570048004,Hillsborough,0.086632,2339
120570048005,Hillsborough,0.086561,2347
120570048006,Hillsborough,0.086637,2348
120570049011,Hillsborough,0.086639,2349
120570049012,Hillsborough,0.086914,2361
120570049021,Hillsborough,0.086791,2337
120570049022,Hillsborough,0.086705,2331
120570049023,Hillsborough,0.086776,2339
120570050001,Hillsborough,0.086840,2345
120570050002,Hillsborough,0.087107,2346
120570050003,Hillsborough,0.087009,2339
120570051011,Hillsborough,0.087646,2353
120570051012,Hillsborough,0.087613,2337
120570051021,Hillsborough,0.087502,2293
120570051022,Hillsborough,0.087600,2312
120570051023,Hillsborough,0.087583,2312
120570053011,Hillsborough,0.087637,2312
120570053012,Hillsborough,0.088005,2333
120570053013,Hillsborough,0.087933,2324
120570053021,Hillsborough,0.089244,2254
120570053022,Hillsborough,0.089126,2274
120570054011,Hillsborough,0.086538,2188
120570054012,Hillsborough,0.086850,2238
120570054013,Hillsborough,0.086979,2256
120570054014,Hillsborough,0.087113,2292
120570054015,Hillsborough,0.087036,2276
120570054016,Hillsborough,0.087019,2262
120570055001,Hillsborough,0.087193,2333
120570055002,Hillsborough,0.087325,2329
120570055003,Hillsborough,0.086914,2327
120570057001,Hillsborough,0.086513,2348
120570057002,Hillsborough,0.086612,2349
120570057003,Hillsborough,0.086746,2346
120570057004,Hillsborough,0.086454,2348
120570058001,Hillsborough,0.086204,2337
120570058002,Hillsborough,0.086449,2356
120570058003,Hillsborough,0.085968,2330
120570058004,Hillsborough,0.085702,2312
120570058005,Hillsborough,0.085709,2300
120570059001,Hillsborough,0.086384,2325
120570059002,Hillsborough,0.086440,2354
120570059003,Hillsborough,0.085642,2308
120570059004,Hillsborough,0.085695,2297
120570059005,Hillsborough,0.085574,2257
120570059006,Hillsborough,0.085574,2277
120570060001,Hillsborough,0.086160,2328
120570060002,Hillsborough,0.086406,2326
120570060003,Hillsborough,0.086251,2325
120570060004,Hillsborough,0.085809,2309
120570060005,Hillsborough,0.086012,2304
120570060006,Hillsborough,0.086017,2304
120570060007,Hillsborough,0.085764,2306
120570061011,Hillsborough,0.086518,2324
120570061012,Hillsborough,0.086527,2313
120570061013,Hillsborough,0.086660,2304
120570061014,Hillsborough,0.086275,2300
120570061031,Hillsborough,0.086112,2299
120570061032,Hillsborough,0.086110,2297
120570061033,Hillsborough,0.085699,2286
120570061034,Hillsborough,0.085998,2289
120570062001,Hillsborough,0.085976,2315
120570062002,Hillsborough,0.086204,2314
120570062003,Hillsborough,0.085861,2303
120570062004,Hillsborough,0.085617,2284
120570063001,Hillsborough,0.085773,2293
120570063002,Hillsborough,0.085916,2312
120570063003,Hillsborough,0.085406,2261
120570063004,Hillsborough,0.085509,2281
120570064001,Hillsborough,0.085644,2277
120570064002,Hillsborough,0.085631,2266
120570064003,Hillsborough,0.085437,2263
120570064004,Hillsborough,0.085256,2252
120570065011,Hillsborough,0.084983,2227
120570065012,Hillsborough,0.085105,2226
120570065013,Hillsborough,0.085118,2224
120570065031,Hillsborough,0.084818,2205
120570065032,Hillsborough,0.084919,2216
120570065033,Hillsborough,0.085107,2233
120570065041,Hillsborough,0.084933,2218
120570065042,Hillsborough,0.085017,2218
120570066001,Hillsborough,0.085438,2244
120570066002,Hillsborough,0.085065,2217
120570066003,Hillsborough,0.085229,2233
120570067001,Hillsborough,0.085496,2269
120570067002,Hillsborough,0.085321,2247
120570067003,Hillsborough,0.085274,2247
120570067004,Hillsborough,0.085081,2210
120570067005,Hillsborough,0.085051,2219
120570067006,Hillsborough,0.085058,2220
120570068011,Hillsborough,0.085172,2223
120570068012,Hillsborough,0.085077,2207
120570068013,Hillsborough,0.085171,2220
120570068014,Hillsborough,0.085077,2184
120570068015,Hillsborough,0.085225,2205
120570068021,Hillsborough,0.085017,2176
120570068022,Hillsborough,0.084992,2184
120570068023,Hillsborough,0.084956,2177
120570069001,Hillsborough,0.084728,2129
120570069002,Hillsborough,0.084611,2124
120570069003,Hillsborough,0.084763,2158
120570069004,Hillsborough,0.085171,2184
120570069005,Hillsborough,0.084818,2158
120570069006,Hillsborough,0.084705,2147
120570070011,Hillsborough,0.085174,2209
120570070012,Hillsborough,0.085110,2200
120570070013,Hillsborough,0.085128,2186
120570070014,Hillsborough,0.084842,2163
120570070021,Hillsborough,0.084842,2144
120570070022,Hillsborough,0.084714,2134
120570070023,Hillsborough,0.084869,2148
120570071021,Hillsborough,0.084471,2141
120570071022,Hillsborough,0.084524,2164
120570071031,Hillsborough,0.084961,2203
120570071032,Hillsborough,0.084866,2191
120570071033,Hillsborough,0.084586,2152
120570072001,Hillsborough,0.084395,2137
120570072002,Hillsborough,0.083795,2012
120570072003,Hillsborough,0.084641,2130
120570073001,Hillsborough,0.082838,1754
120570073002,Hillsborough,0.083945,2016
120570073003,Hillsborough,0.083416,1856
120570101051,Hillsborough,0.094762,1690
120570101052,Hillsborough,0.094899,1592
120570101053,Hillsborough,0.093202,1673
120570101061,Hillsborough,0.095580,1584
120570101062,Hillsborough,0.098169,1535
120570101063,Hillsborough,0.093806,1618
120570101064,Hillsborough,0.095604,1638
120570101071,Hillsborough,0.100319,1318
120570101072,Hillsborough,0.097338,1557
120570101073,Hillsborough,0.095669,1498
120570101081,Hillsborough,0.106762,1246
120570101082,Hillsborough,0.096863,1361
120570102031,Hillsborough,0.092169,2271
120570102032,Hillsborough,0.092758,2142
120570102041,Hillsborough,0.091438,2248
120570102042,Hillsborough,0.091813,2143
120570102043,Hillsborough,0.091231,2165
120570102101,Hillsborough,0.093706,1630
120570102102,Hillsborough,0.092370,1625
120570102111,Hillsborough,0.091841,1750
120570102112,Hillsborough,0.091052,1750
120570102113,Hillsborough,0.090838,1756
120570102121,Hillsborough,0.092437,1673
120570102122,Hillsborough,0.092466,1677
120570102131,Hillsborough,0.091802,2010
120570102151,Hillsborough,0.095172,1646
120570102152,Hillsborough,0.097440,1582
120570102161,Hillsborough,0.094728,1901
120570102162,Hillsborough,0.094231,1787
120570102171,Hillsborough,0.092331,1765
120570102172,Hillsborough,0.092213,1729
120570102181,Hillsborough,0.092234,1753
120570102182,Hillsborough,0.093035,1837
120570102183,Hillsborough,0.092389,1926
120570102184,Hillsborough,0.093322,1929
120570103031,Hillsborough,0.093202,1931
120570103032,Hillsborough,0.093201,1957
120570103033,Hillsborough,0.092844,2009
120570103041,Hillsborough,0.091902,1888
120570103042,Hillsborough,0.092981,2037
120570103043,Hillsborough,0.094444,1745
120570103051,Hillsborough,0.092625,2031
120570103052,Hillsborough,0.091406,2071
120570103053,Hillsborough,0.089808,2127
120570104011,Hillsborough,0.090771,2245
120570104012,Hillsborough,0.090950,2262
120570104013,Hillsborough,0.091390,2195
120570104021,Hillsborough,0.090194,2306
120570104022,Hillsborough,0.090153,2315
120570104023,Hillsborough,0.090339,2297
120570104024,Hillsborough,0.091411,2239
120570105011,Hillsborough,0.090293,2274
120570105012,Hillsborough,0.090075,2284
120570105013,Hillsborough,0.089863,2307
120570105021,Hillsborough,0.090262,2294
120570105022,Hillsborough,0.090098,2312
120570106001,Hillsborough,0.090619,2324
120570106002,Hillsborough,0.090598,2267
120570106003,Hillsborough,0.090363,2184
120570107011,Hillsborough,0.091798,2103
120570107012,Hillsborough,0.091587,2199
120570107013,Hillsborough,0.090781,2237
120570107014,Hillsborough,0.091179,2282
120570107021,Hillsborough,0.090811,2323
120570107022,Hillsborough,0.090724,2218
120570108051,Hillsborough,0.090237,2466
120570108052,Hillsborough,0.090056,2460
120570108053,Hillsborough,0.090015,2451
120570108081,Hillsborough,0.089788,2406
120570108082,Hillsborough,0.089709,2377
120570108091,Hillsborough,0.090688,2267
120570108092,Hillsborough,0.091175,2299
120570108101,Hillsborough,0.091543,2150
120570108102,Hillsborough,0.091393,2144
120570108111,Hillsborough,0.090992,2269
120570108112,Hillsborough,0.091889,2249
120570108113,Hillsborough,0.090807,2217
120570108114,Hillsborough,0.091202,2234
120570108115,Hillsborough,0.091298,2212
120570108141,Hillsborough,0.089895,2390
120570108142,Hillsborough,0.089936,2395
120570108151,Hillsborough,0.089976,2433
120570108152,Hillsborough,0.089926,2418
120570108161,Hillsborough,0.089796,2410
120570108162,Hillsborough,0.089877,2395
120570108163,Hillsborough,0.089855,2423
120570108171,Hillsborough,0.090047,2399
120570108172,Hillsborough,0.089991,2415
120570108173,Hillsborough,0.090637,2469
120570108191,Hillsborough,0.089705,2337
120570108192,Hillsborough,0.089741,2326
120570108201,Hillsborough,0.089729,2380
120570108202,Hillsborough,0.089657,2368
120570108211,Hillsborough,0.089972,2433
120570108212,Hillsborough,0.090147,2435
120570108221,Hillsborough,0.090317,2451
120570108222,Hillsborough,0.090182,2436
120570108231,Hillsborough,0.089806,2344
120570108241,Hillsborough,0.089797,2376
120570108242,Hillsborough,0.089883,2336
120570108243,Hillsborough,0.090070,2338
120570109001,Hillsborough,0.090192,2277
120570110031,Hillsborough,0.089296,2281
120570110032,Hillsborough,0.090168,2416
120570110033,Hillsborough,0.090883,2487
120570110034,Hillsborough,0.090106,2415
120570110051,Hillsborough,0.093896,2035
120570110061,Hillsborough,0.092978,1941
120570110062,Hillsborough,0.091008,2159
120570110063,Hillsborough,0.090567,2185
120570110071,Hillsborough,0.092021,2316
120570110072,Hillsborough,0.091449,2369
120570110073,Hillsborough,0.090591,2335
120570110081,Hillsborough,0.089699,1858
120570110082,Hillsborough,0.090980,2139
120570110083,Hillsborough,0.090598,2159
120570110084,Hillsborough,0.088758,2166
120570110085,Hillsborough,0.089201,2178
120570110086,Hillsborough,0.089117,2291
120570110101,Hillsborough,0.088774,2240
120570110102,Hillsborough,0.089321,2328
120570110131,Hillsborough,0.091073,1916
120570110132,Hillsborough,0.090876,1976
120570110161,Hillsborough,0.089846,2094
120570110162,Hillsborough,0.088906,2114
120570110163,Hillsborough,0.088215,2116
120570110171,Hillsborough,0.091127,2073
120570110172,Hillsborough,0.087801,2042
120570110173,Hillsborough,0.085209,1544
120570110181,Hillsborough,0.088579,2236
120570110182,Hillsborough,0.089566,2307
120570110191,Hillsborough,0.091491,1754
120570110192,Hillsborough,0.093672,1931
120570110193,Hillsborough,0.094023,1866
120570111031,Hillsborough,0.094454,2304
120570111032,Hillsborough,0.095444,2280
120570111061,Hillsborough,0.092627,2397
120570111071,Hillsborough,0.090312,2342
120570111072,Hillsborough,0.091773,2397
120570111073,Hillsborough,0.090423,2317
120570111081,Hillsborough,0.091165,2448
120570111091,Hillsborough,0.092133,2318
120570111092,Hillsborough,0.091764,2273
120570112031,Hillsborough,0.090583,2427
120570112032,Hillsborough,0.090444,2454
120570112033,Hillsborough,0.090504,2443
120570112041,Hillsborough,0.090683,2416
120570112042,Hillsborough,0.090700,2445
120570112043,Hillsborough,0.090315,2449
120570112044,Hillsborough,0.090332,2435
120570112045,Hillsborough,0.090263,2445
120570112051,Hillsborough,0.090368,2435
120570112052,Hillsborough,0.090278,2438
120570112053,Hillsborough,0.090355,2441
120570112061,Hillsborough,0.090153,2463
120570112062,Hillsborough,0.090203,2466
120570112063,Hillsborough,0.090087,2458
120570113011,Hillsborough,0.090897,2459
120570113012,Hillsborough,0.090576,2441
120570113031,Hillsborough,0.090713,2456
120570113032,Hillsborough,0.090402,2435
120570113041,Hillsborough,0.089908,2411
120570113042,Hillsborough,0.090096,2416
120570113043,Hillsborough,0.090294,2424
120570114071,Hillsborough,0.091215,2462
120570114072,Hillsborough,0.091225,2453
120570114081,Hillsborough,0.090626,2420
120570114082,Hillsborough,0.090670,2426
120570114083,Hillsborough,0.090652,2448
120570114091,Hillsborough,0.090916,2441
120570114092,Hillsborough,0.090226,2456
120570114101,Hillsborough,0.091849,2159
120570114102,Hillsborough,0.092441,2382
120570114103,Hillsborough,0.091569,2348
120570114111,Hillsborough,0.091812,2446
120570114121,Hillsborough,0.091321,2422
120570114122,Hillsborough,0.090394,2311
120570114131,Hillsborough,0.091157,2392
120570114132,Hillsborough,0.091661,2441
120570114133,Hillsborough,0.091628,2454
120570114134,Hillsborough,0.090945,2403
120570114141,Hillsborough,0.090676,2343
120570114142,Hillsborough,0.090768,2373
120570114143,Hillsborough,0.090327,2358
120570114151,Hillsborough,0.090482,2371
120570114152,Hillsborough,0.090525,2399
120570114153,Hillsborough,0.090314,2419
120570114161,Hillsborough,0.090461,2415
120570114162,Hillsborough,0.090475,2413
120570114163,Hillsborough,0.090388,2419
120570114164,Hillsborough,0.090545,2441
120570114171,Hillsborough,0.092186,2436
120570114172,Hillsborough,0.090709,2440
120570114173,Hillsborough,0.090614,2441
120570114181,Hillsborough,0.091305,2422
120570114182,Hillsborough,0.092019,2460
120570114183,Hillsborough,0.091107,2419
120570115041,Hillsborough,0.098873,1705
120570115042,Hillsborough,0.093561,2016
120570115061,Hillsborough,0.090743,2229
120570115062,Hillsborough,0.090449,2232
120570115063,Hillsborough,0.090525,2141
120570115064,Hillsborough,0.090598,2043
120570115091,Hillsborough,0.094453,2198
120570115092,Hillsborough,0.098874,2235
120570115093,Hillsborough,0.099908,2161
120570115094,Hillsborough,0.100275,2
120570115101,Hillsborough,0.097662,2233
120570115102,Hillsborough,0.096371,2194
120570115121,Hillsborough,0.095777,2241
120570115122,Hillsborough,0.093764,2113
120570115123,Hillsborough,0.094501,2319
120570115141,Hillsborough,0.092896,2440
120570115142,Hillsborough,0.092320,2402
120570115143,Hillsborough,0.091667,2367
120570115144,Hillsborough,0.092918,2461
120570115151,Hillsborough,0.092419,2453
120570115152,Hillsborough,0.091598,2434
120570115161,Hillsborough,0.091283,2431
120570115162,Hillsborough,0.091545,2468
120570115181,Hillsborough,0.094677,1965
120570115182,Hillsborough,0.095246,1988
120570115183,Hillsborough,0.091337,2179
120570115191,Hillsborough,0.091233,2066
120570115192,Hillsborough,0.090025,2151
120570115201,Hillsborough,0.089813,2150
120570115202,Hillsborough,0.090342,2315
120570115211,Hillsborough,0.094031,2120
120570115212,Hillsborough,0.095872,2331
120570115213,Hillsborough,0.094186,2163
120570115221,Hillsborough,0.095456,2190
120570115222,Hillsborough,0.094232,2334
120570115223,Hillsborough,0.094307,2341
120570115231,Hillsborough,0.094132,2244
120570115241,Hillsborough,0.091755,2397
120570115242,Hillsborough,0.091096,2290
120570115243,Hillsborough,0.091787,2374
120570115244,Hillsborough,0.091790,2434
120570115251,Hillsborough,0.091449,2180
120570115252,Hillsborough,0.090104,2281
120570115253,Hillsborough,0.089765,2203
120570115261,Hillsborough,0.090394,2256
120570115262,Hillsborough,0.090580,2340
120570115271,Hillsborough,0.096413,1928
120570115272,Hillsborough,0.092665,2030
120570115281,Hillsborough,0.091344,2095
120570115282,Hillsborough,0.091294,2085
120570115283,Hillsborough,0.090913,2116
120570116031,Hillsborough,0.089787,2358
120570116032,Hillsborough,0.089495,2329
120570116033,Hillsborough,0.089810,2372
120570116051,Hillsborough,0.088879,2304
120570116052,Hillsborough,0.088748,2327
120570116053,Hillsborough,0.089385,2358
120570116054,Hillsborough,0.088855,2330
120570116055,Hillsborough,0.088933,2323
120570116101,Hillsborough,0.089846,2298
120570116102,Hillsborough,0.090131,2320
120570116103,Hillsborough,0.089881,2324
120570116104,Hillsborough,0.089460,2271
120570116111,Hillsborough,0.090078,2386
120570116112,Hillsborough,0.089697,2367
120570116113,Hillsborough,0.090152,2375
120570116121,Hillsborough,0.088985,2270
120570116122,Hillsborough,0.089281,2275
120570116123,Hillsborough,0.089557,2330
120570116124,Hillsborough,0.089812,2340
120570116131,Hillsborough,0.088930,2299
120570116132,Hillsborough,0.088581,2277
120570116133,Hillsborough,0.088620,2283
120570116134,Hillsborough,0.088724,2314
120570116141,Hillsborough,0.089245,2251
120570116142,Hillsborough,0.089008,2271
120570116143,Hillsborough,0.088424,2241
120570116144,Hillsborough,0.088975,2250
120570116151,Hillsborough,0.088580,2245
120570116152,Hillsborough,0.088700,2285
120570116153,Hillsborough,0.088360,2263
120570116154,Hillsborough,0.088670,2263
120570116161,Hillsborough,0.088881,2135
120570116162,Hillsborough,0.089216,2187
120570116163,Hillsborough,0.090003,2301
120570116164,Hillsborough,0.089077,2167
120570116165,Hillsborough,0.089645,2265
120570116171,Hillsborough,0.089522,2232
120570116172,Hillsborough,0.088577,2241
120570116173,Hillsborough,0.088583,2271
120570117081,Hillsborough,0.087938,2338
120570117082,Hillsborough,0.087503,2337
120570117083,Hillsborough,0.087599,2277
120570117121,Hillsborough,0.088442,2304
120570117122,Hillsborough,0.087464,2257
120570117123,Hillsborough,0.088174,2275
120570117124,Hillsborough,0.087556,2260
120570117131,Hillsborough,0.088240,2211
120570117132,Hillsborough,0.088744,2210
120570117133,Hillsborough,0.088461,2228
120570117134,Hillsborough,0.088363,2228
120570117141,Hillsborough,0.088195,2226
120570117151,Hillsborough,0.088038,2302
120570117152,Hillsborough,0.088079,2307
120570117161,Hillsborough,0.088568,2315
120570117162,Hillsborough,0.088727,2348
120570117163,Hillsborough,0.088192,2334
120570118021,Hillsborough,0.088962,2400
120570118022,Hillsborough,0.089153,2416
120570118023,Hillsborough,0.089211,2373
120570118024,Hillsborough,0.089542,2399
120570118041,Hillsborough,0.089949,2414
120570118042,Hillsborough,0.089542,2410
120570118043,Hillsborough,0.089345,2423
120570118044,Hillsborough,0.089792,2382
120570118051,Hillsborough,0.089594,2388
120570118052,Hillsborough,0.089867,2382
120570118053,Hillsborough,0.089991,2412
120570118061,Hillsborough,0.090082,2441
120570118062,Hillsborough,0.090065,2407
120570118063,Hillsborough,0.089995,2422
120570119051,Hillsborough,0.088818,2409
120570119071,Hillsborough,0.090053,2451
120570119072,Hillsborough,0.090110,2433
120570119081,Hillsborough,0.090223,2451
120570119082,Hillsborough,0.089997,2441
120570119091,Hillsborough,0.089978,2441
120570119092,Hillsborough,0.089756,2437
120570119093,Hillsborough,0.089238,2421
120570119101,Hillsborough,0.089448,2436
120570119102,Hillsborough,0.089455,2417
120570119103,Hillsborough,0.089263,2415
120570119111,Hillsborough,0.089063,2417
120570119112,Hillsborough,0.088990,2410
120570119113,Hillsborough,0.088709,2398
120570120011,Hillsborough,0.090234,2277
120570120012,Hillsborough,0.090015,2316
120570120021,Hillsborough,0.090485,2252
120570120022,Hillsborough,0.091068,2260
120570120023,Hillsborough,0.090810,2281
120570121031,Hillsborough,0.091452,2286
120570121032,Hillsborough,0.090975,2272
120570121033,Hillsborough,0.091203,2248
120570121061,Hillsborough,0.092093,2008
120570121062,Hillsborough,0.091679,2003
120570121063,Hillsborough,0.091867,1846
120570121071,Hillsborough,0.091604,2191
120570121072,Hillsborough,0.092445,2060
120570121073,Hillsborough,0.092425,2133
120570121081,Hillsborough,0.092486,1992
120570121082,Hillsborough,0.091491,2064
120570121091,Hillsborough,0.091701,2223
120570121092,Hillsborough,0.091940,2223
120570121101,Hillsborough,0.092157,2116
120570121102,Hillsborough,0.092090,2192
120570122061,Hillsborough,0.092093,2105
120570122062,Hillsborough,0.092684,2013
120570122063,Hillsborough,0.092761,1959
120570122064,Hillsborough,0.092626,1956
120570122071,Hillsborough,0.092676,1986
120570122072,Hillsborough,0.092388,1916
120570122073,Hillsborough,0.092741,1880
120570122074,Hillsborough,0.092674,1916
120570122075,Hillsborough,0.093154,1856
120570122081,Hillsborough,0.092738,1746
120570122082,Hillsborough,0.093166,1787
120570122083,Hillsborough,0.093059,1726
120570122091,Hillsborough,0.092650,1758
120570122092,Hillsborough,0.093992,1505
120570122101,Hillsborough,0.094218,1747
120570122102,Hillsborough,0.094043,1762
120570122111,Hillsborough,0.091862,2130
120570122121,Hillsborough,0.093056,2134
120570122122,Hillsborough,0.093220,2107
120570122131,Hillsborough,0.091945,2178
120570122132,Hillsborough,0.092642,1996
120570123011,Hillsborough,0.093272,1997
120570123012,Hillsborough,0.093506,1887
120570123013,Hillsborough,0.093934,2021
120570123014,Hillsborough,0.093578,2108
120570123031,Hillsborough,0.093680,1914
120570123032,Hillsborough,0.094016,1954
120570123033,Hillsborough,0.094103,1963
120570123041,Hillsborough,0.093893,1877
120570123042,Hillsborough,0.093952,1867
120570123043,Hillsborough,0.094082,1825
120570124011,Hillsborough,0.092041,1815
120570124012,Hillsborough,0.091877,1795
120570124013,Hillsborough,0.093756,1669
120570124014,Hillsborough,0.093219,1744
120570124021,Hillsborough,0.093080,1722
120570124022,Hillsborough,0.094457,1587
120570124031,Hillsborough,0.095948,1542
120570124032,Hillsborough,0.097399,1432
120570124033,Hillsborough,0.097918,1436
120570125011,Hillsborough,0.093085,1729
120570125012,Hillsborough,0.097189,1427
120570125013,Hillsborough,0.094744,1606
120570125031,Hillsborough,0.097092,1406
120570125032,Hillsborough,0.096207,1528
120570125033,Hillsborough,0.097893,1403
120570125041,Hillsborough,0.097624,1419
120570126001,Hillsborough,0.095940,1533
120570126002,Hillsborough,0.095627,1595
120570126003,Hillsborough,0.095920,1518
120570126004,Hillsborough,0.096315,1493
120570127011,Hillsborough,0.094541,1731
120570127012,Hillsborough,0.094830,1668
120570127013,Hillsborough,0.093482,1648
120570127014,Hillsborough,0.094181,1648
120570127021,Hillsborough,0.096020,1623
120570127022,Hillsborough,0.095856,1568
120570127023,Hillsborough,0.095495,1611
120570128001,Hillsborough,0.095453,1556
120570128002,Hillsborough,0.095502,1518
120570129001,Hillsborough,0.095622,1515
120570129002,Hillsborough,0.096322,1373
120570130011,Hillsborough,0.091352,1064
120570130021,Hillsborough,0.096088,1363
120570130022,Hillsborough,0.097791,1309
120570130023,Hillsborough,0.097266,1374
120570130031,Hillsborough,0.098068,1406
120570130032,Hillsborough,0.100128,1375
120570130041,Hillsborough,0.100738,1247
120570130042,Hillsborough,0.100297,1258
120570130043,Hillsborough,0.099937,1275
120570131001,Hillsborough,0.101289,1103
120570131002,Hillsborough,0.102948,772
120570132031,Hillsborough,0.094121,1770
120570132032,Hillsborough,0.094374,1713
120570132041,Hillsborough,0.094348,1713
120570132051,Hillsborough,0.094477,1730
120570132052,Hillsborough,0.094531,1644
120570132053,Hillsborough,0.094530,1644
120570132054,Hillsborough,0.095699,1502
120570132061,Hillsborough,,0
120570132062,Hillsborough,0.095453,1510
120570132063,Hillsborough,0.096280,1503
120570132064,Hillsborough,,0
120570132071,Hillsborough,0.096552,1399
120570132072,Hillsborough,0.096366,1381
120570132081,Hillsborough,0.096342,1487
120570132082,Hillsborough,0.096711,1375
120570133051,Hillsborough,0.094458,1830
120570133052,Hillsborough,0.095944,1676
120570133071,Hillsborough,0.093698,2140
120570133072,Hillsborough,0.094207,2020
120570133073,Hillsborough,0.094170,2103
120570133101,Hillsborough,0.094760,1957
120570133102,Hillsborough,0.094842,1995
120570133111,Hillsborough,0.094084,2006
120570133112,Hillsborough,0.094353,1908
120570133113,Hillsborough,0.094273,1908
120570133121,Hillsborough,0.093959,1825
120570133122,Hillsborough,0.094044,1751
120570133123,Hillsborough,0.094270,1805
120570133131,Hillsborough,0.094776,1917
120570133132,Hillsborough,0.094932,1950
120570133133,Hillsborough,0.094620,1879
120570133141,Hillsborough,0.095914,1856
120570133142,Hillsborough,0.095812,1723
120570133151,Hillsborough,0.092655,2193
120570133152,Hillsborough,0.092848,2239
120570133161,Hillsborough,0.093855,2161
120570133162,Hillsborough,0.093624,2165
120570133171,Hillsborough,0.093542,2186
120570133172,Hillsborough,0.093813,2195
120570133191,Hillsborough,0.095040,2037
120570133192,Hillsborough,,0
120570133193,Hillsborough,0.094057,2070
120570133201,Hillsborough,0.095261,1983
120570133221,Hillsborough,0.095476,1970
120570133222,Hillsborough,0.095426,1911
120570133223,Hillsborough,0.096144,1918
120570133224,Hillsborough,0.095764,1824
120570133231,Hillsborough,0.094280,2121
120570133232,Hillsborough,0.094468,2093
120570133233,Hillsborough,0.094566,1944
120570133234,Hillsborough,0.094145,2128
120570133235,Hillsborough,0.094528,1986
120570134061,Hillsborough,0.096028,1793
120570134071,Hillsborough,0.095851,1759
120570134072,Hillsborough,0.095892,1733
120570134073,Hillsborough,0.096937,1619
120570134074,Hillsborough,0.095798,1531
120570134091,Hillsborough,0.096006,1591
120570134092,Hillsborough,0.096254,1547
120570134093,Hillsborough,0.096322,1458
120570134101,Hillsborough,0.096649,1973
120570134102,Hillsborough,0.095559,2036
120570134111,Hillsborough,0.096530,1875
120570134121,Hillsborough,0.097623,1524
120570134122,Hillsborough,0.098082,1795
120570134131,Hillsborough,0.097504,1638
120570134141,Hillsborough,0.096128,1664
120570134142,Hillsborough,0.096225,1637
120570134143,Hillsborough,0.096727,1469
120570134144,Hillsborough,0.096723,1624
120570134151,Hillsborough,0.097449,1376
120570134152,Hillsborough,0.097454,1497
120570135011,Hillsborough,0.090750,2241
120570135012,Hillsborough,0.090870,2235
120570135031,Hillsborough,0.091294,2214
120570135032,Hillsborough,0.091628,2227
120570135033,Hillsborough,0.091758,2213
120570135041,Hillsborough,0.092159,2199
120570135042,Hillsborough,0.092579,2165
120570135043,Hillsborough,0.092885,2188
120570135051,Hillsborough,0.092770,2249
120570135052,Hillsborough,0.092066,2209
120570135053,Hillsborough,0.092406,2194
120570136021,Hillsborough,0.092362,2158
120570136022,Hillsborough,0.093713,2075
120570136041,Hillsborough,0.093171,2139
120570137021,Hillsborough,0.094636,2013
120570137022,Hillsborough,0.094746,2054
120570137023,Hillsborough,0.095132,1898
120570137024,Hillsborough,0.096309,1826
120570137031,Hillsborough,0.093406,2134
120570137032,Hillsborough,0.093848,2134
120570137033,Hillsborough,0.094847,1925
120570137051,Hillsborough,0.096036,1929
120570137052,Hillsborough,0.096908,1850
120570137053,Hillsborough,0.096019,1918
120570137054,Hillsborough,0.095061,2042
120570137061,Hillsborough,0.095047,2008
120570137062,Hillsborough,0.095208,2105
120570138011,Hillsborough,0.098282,1604
120570138012,Hillsborough,0.097040,1889
120570138021,Hillsborough,0.097045,1925
120570138022,Hillsborough,0.098238,1913
120570138031,Hillsborough,0.096959,1920
120570138041,Hillsborough,0.100948,1586
120570138042,Hillsborough,0.096873,1727
120570138043,Hillsborough,0.096573,1618
120570138061,Hillsborough,0.097987,1820
120570138071,Hillsborough,0.100807,1601
120570138072,Hillsborough,0.100688,1565
120570139031,Hillsborough,0.108784,898
120570139032,Hillsborough,0.170655,90
120570139071,Hillsborough,0.123907,743
120570139072,Hillsborough,0.132681,372
120570139121,Hillsborough,0.101030,1376
120570139122,Hillsborough,0.103611,1228
120570139131,Hillsborough,0.109839,1076
120570139132,Hillsborough,0.115727,1203
120570139133,Hillsborough,0.113068,1200
120570139141,Hillsborough,0.116493,1131
120570139142,Hillsborough,0.115779,1147
120570139151,Hillsborough,0.102373,1511
120570139152,Hillsborough,0.100383,1504
120570139153,Hillsborough,0.103230,1414
120570139161,Hillsborough,0.103957,1400
120570139162,Hillsborough,0.104165,1448
120570139163,Hillsborough,0.104557,1316
120570139171,Hillsborough,0.103575,1366
120570139172,Hillsborough,0.103680,1387
120570139173,Hillsborough,0.102253,1411
120570139181,Hillsborough,0.092259,1
120570139182,Hillsborough,0.099930,1506
120570139191,Hillsborough,0.098666,1675
120570139192,Hillsborough,0.098541,1559
120570139193,Hillsborough,0.099636,1414
120570139194,Hillsborough,0.099318,1420
120570139221,Hillsborough,0.100158,1249
120570139222,Hillsborough,0.099354,1320
120570139223,Hillsborough,0.100450,1240
120570139231,Hillsborough,0.100753,1169
120570139232,Hillsborough,0.100779,1311
120570139241,Hillsborough,0.100366,1523
120570139251,Hillsborough,0.098219,1804
120570139252,Hillsborough,0.098506,1749
120570139253,Hillsborough,0.098523,1663
120570139261,Hillsborough,0.113333,585
120570139262,Hillsborough,0.100737,1254
120570139263,Hillsborough,0.097926,1369
120570140021,Hillsborough,0.121888,751
120570140022,Hillsborough,0.112381,1280
120570140031,Hillsborough,0.119888,898
120570140071,Hillsborough,0.107591,1078
120570140081,Hillsborough,0.118512,1255
120570140082,Hillsborough,0.116041,1306
120570140091,Hillsborough,0.109101,1445
120570140101,Hillsborough,0.113237,1405
120570140102,Hillsborough,0.114709,1331
120570140111,Hillsborough,0.113007,1295
120570140112,Hillsborough,0.112771,1230
120570140113,Hillsborough,0.113004,1215
120570140121,Hillsborough,0.112756,1208
120570140122,Hillsborough,0.110600,1059
120570140131,Hillsborough,0.105849,1256
120570140141,Hillsborough,0.112414,1345
120570140142,Hillsborough,0.114220,1310
120570140171,Hillsborough,0.116613,1252
120570141041,Hillsborough,0.114652,1221
120570141061,Hillsborough,0.099906,1360
120570141062,Hillsborough,0.101840,1510
120570141081,Hillsborough,0.108772,1385
120570141082,Hillsborough,0.109345,1396
120570141083,Hillsborough,0.109411,1446
120570141091,Hillsborough,0.108123,1436
120570141092,Hillsborough,0.110533,1370
120570141093,Hillsborough,0.109403,1301
120570141171,Hillsborough,0.101215,1350
120570141172,Hillsborough,0.101270,1345
120570141181,Hillsborough,0.102036,1472
120570141182,Hillsborough,0.102740,1244
120570141191,Hillsborough,0.101074,1635
120570141192,Hillsborough,0.103057,1439
120570141211,Hillsborough,0.107953,1363
120570141212,Hillsborough,0.106387,1350
120570141221,Hillsborough,0.108446,1367
120570141222,Hillsborough,0.108702,1382
120570142001,Hillsborough,0.087955,2339
120570142002,Hillsborough,0.087893,2335
120570142003,Hillsborough,0.088134,2331
120570142004,Hillsborough,0.088443,2323
120570143001,Hillsborough,0.104918,1294
120570143002,Hillsborough,0.099399,1502
120570143003,Hillsborough,0.095460,1559
120570144001,Hillsborough,0.091430,2080
120570144002,Hillsborough,0.090565,2162
120579801001,Hillsborough,0.089256,2158
120579802001,Hillsborough,0.084614,789
120579803001,Hillsborough,,0
120579804001,Hillsborough,0.104331,1482
120579805001,Hillsborough,0.088188,2195
120579806001,Hillsborough,0.216592,1
120579807001,Hillsborough,0.092795,2314
120579900000,Hillsborough,0.082768,1568
120579901000,Hillsborough,0.085838,634
121030201051,Pinellas,0.095175,1682
121030201052,Pinellas,0.095099,1694
121030201053,Pinellas,0.095085,1667
121030201061,Pinellas,0.093474,1387
121030201062,Pinellas,0.085447,456
121030201063,Pinellas,0.092347,1302
121030201071,Pinellas,0.094378,1615
121030201072,Pinellas,0.094472,1667
121030201081,Pinellas,0.094020,1534
121030201082,Pinellas,0.094032,1591
121030201083,Pinellas,0.093904,1568
121030201091,Pinellas,0.095879,1801
121030201092,Pinellas,0.095327,1740
121030201093,Pinellas,0.096503,1770
121030201101,Pinellas,0.097423,1749
121030202011,Pinellas,0.095103,1649
121030202012,Pinellas,0.095046,1720
121030202013,Pinellas,0.094576,1751
121030202021,Pinellas,0.095819,1495
121030202022,Pinellas,0.095556,1587
121030202023,Pinellas,0.095471,1519
121030202061,Pinellas,0.095303,1739
121030202062,Pinellas,0.095595,1686
121030202071,Pinellas,0.094324,1683
121030202072,Pinellas,0.095725,1700
121030202081,Pinellas,0.095215,1662
121030202082,Pinellas,0.095564,1588
121030202091,Pinellas,0.095248,1575
121030202092,Pinellas,0.095433,1630
121030202093,Pinellas,0.095452,1588
121030202094,Pinellas,0.095341,1523
121030202095,Pinellas,0.095715,1499
121030203011,Pinellas,0.095478,1693
121030203012,Pinellas,0.095502,1615
121030203013,Pinellas,0.095535,1654
121030203014,Pinellas,0.095618,1713
121030203015,Pinellas,0.095719,1709
121030203021,Pinellas,0.094873,1501
121030203022,Pinellas,0.095129,1531
121030203023,Pinellas,0.095278,1620
121030204001,Pinellas,0.095246,1691
121030204002,Pinellas,0.094922,1726
121030204003,Pinellas,0.095272,1742
121030205001,Pinellas,0.095154,1765
121030205002,Pinellas,0.095449,1763
121030205003,Pinellas,0.095511,1743
121030205004,Pinellas,0.095539,1720
121030206001,Pinellas,0.095860,1767
121030206002,Pinellas,0.095775,1740
121030206003,Pinellas,0.095705,1740
121030206004,Pinellas,0.095925,1769
121030207001,Pinellas,0.095732,1811
121030207002,Pinellas,0.095650,1805
121030207003,Pinellas,0.095575,1786
121030207004,Pinellas,0.095628,1793
121030208001,Pinellas,0.098864,1720
121030208002,Pinellas,0.097540,1756
121030208003,Pinellas,0.097736,1747
121030208004,Pinellas,0.098429,1731
121030208005,Pinellas,0.097952,1745
121030208006,Pinellas,0.096752,1780
121030212001,Pinellas,0.095531,1784
121030212002,Pinellas,0.095548,1790
121030212003,Pinellas,0.095634,1769
121030212004,Pinellas,0.095644,1775
121030215011,Pinellas,0.094758,1721
121030215012,Pinellas,0.095185,1787
121030215021,Pinellas,0.095241,1791
121030215022,Pinellas,0.094985,1837
121030216001,Pinellas,0.094982,1841
121030216002,Pinellas,0.095154,1841
121030218001,Pinellas,0.095523,1831
121030218002,Pinellas,0.095674,1856
121030218003,Pinellas,0.094953,1859
121030219001,Pinellas,0.096759,1830
121030219002,Pinellas,0.096360,1816
121030219003,Pinellas,0.096694,1836
121030220001,Pinellas,0.098829,1739
121030220002,Pinellas,0.098301,1764
121030220003,Pinellas,0.097268,1793
121030220004,Pinellas,0.097902,1773
121030221011,Pinellas,0.098324,1770
121030221012,Pinellas,0.097477,1802
121030221021,Pinellas,0.097454,1806
121030221022,Pinellas,0.097939,1778
121030221023,Pinellas,0.098366,1768
121030222001,Pinellas,0.098880,1759
121030222002,Pinellas,0.099047,1732
121030222003,Pinellas,0.098828,1743
121030222004,Pinellas,0.098951,1716
121030223011,Pinellas,0.099847,1666
121030223012,Pinellas,0.099998,1633
121030223013,Pinellas,0.100089,1653
121030223021,Pinellas,0.099874,1651
121030223022,Pinellas,0.099584,1694
121030223023,Pinellas,0.099418,1713
121030224011,Pinellas,0.100063,1486
121030224012,Pinellas,0.099700,1603
121030224013,Pinellas,0.099961,1601
121030224021,Pinellas,0.099214,1600
121030224022,Pinellas,0.099456,1613
121030224023,Pinellas,0.099185,1598
121030224024,Pinellas,0.099548,1560
121030224025,Pinellas,0.099593,1637
121030225011,Pinellas,0.099109,1722
121030225012,Pinellas,0.099810,1694
121030225013,Pinellas,0.099461,1668
121030225021,Pinellas,0.098673,1716
121030225022,Pinellas,0.098454,1732
121030225023,Pinellas,0.098843,1723
121030225031,Pinellas,0.097857,1752
121030225032,Pinellas,0.098834,1714
121030225033,Pinellas,0.098617,1730
121030226011,Pinellas,0.098404,1765
121030226012,Pinellas,0.098360,1751
121030226013,Pinellas,0.099107,1726
121030226021,Pinellas,0.097280,1806
121030226022,Pinellas,0.097967,1773
121030226023,Pinellas,0.097655,1767
121030227001,Pinellas,0.096857,1821
121030227002,Pinellas,0.097558,1777
121030227003,Pinellas,0.098301,1767
121030228011,Pinellas,0.095124,1892
121030228012,Pinellas,0.096557,1844
121030228013,Pinellas,0.095781,1850
121030228021,Pinellas,0.096015,1845
121030228022,Pinellas,0.097043,1797
121030228023,Pinellas,0.097614,1793
121030229011,Pinellas,0.095051,1862
121030229012,Pinellas,0.095581,1852
121030229021,Pinellas,0.094904,1890
121030229022,Pinellas,0.094730,1883
121030229023,Pinellas,0.095535,1861
121030230001,Pinellas,0.093685,1953
121030230002,Pinellas,0.093610,1912
121030231001,Pinellas,0.093650,1908
121030231002,Pinellas,0.092622,1945
121030231003,Pinellas,0.093045,1921
121030232001,Pinellas,0.092824,1907
121030232002,Pinellas,0.093319,1870
121030232003,Pinellas,0.093722,1888
121030233001,Pinellas,0.093769,1884
121030233002,Pinellas,0.093806,1903
121030233003,Pinellas,0.094397,1844
121030234001,Pinellas,0.094863,1852
121030234002,Pinellas,0.094750,1881
121030235011,Pinellas,0.094518,1844
121030235012,Pinellas,0.095175,1835
121030235021,Pinellas,0.094577,1797
121030236011,Pinellas,0.094623,1722
121030236012,Pinellas,0.095022,1776
121030236013,Pinellas,0.095090,1797
121030236021,Pinellas,0.094880,1781
121030236022,Pinellas,0.094706,1761
121030237001,Pinellas,0.094288,1786
121030237002,Pinellas,0.093279,1714
121030237003,Pinellas,0.093708,1814
121030238001,Pinellas,0.092744,1828
121030238002,Pinellas,0.093059,1839
121030238003,Pinellas,0.093956,1842
121030239001,Pinellas,0.091787,1904
121030239002,Pinellas,0.092181,1883
121030240011,Pinellas,0.092863,1695
121030240012,Pinellas,0.093437,1743
121030240021,Pinellas,0.091652,1823
121030240022,Pinellas,0.091509,1854
121030240023,Pinellas,0.090702,1898
121030240024,Pinellas,0.091043,1793
121030240041,Pinellas,0.089843,1736
121030240042,Pinellas,0.089892,1744
121030240043,Pinellas,0.090119,1689
121030240051,Pinellas,0.090679,1722
121030240052,Pinellas,0.091508,1724
121030241001,Pinellas,0.091969,1889
121030241002,Pinellas,0.091127,1919
121030241003,Pinellas,0.090908,1922
121030242011,Pinellas,0.092104,1959
121030242012,Pinellas,0.092433,1945
121030242013,Pinellas,0.092724,1930
121030242021,Pinellas,0.092215,1920
121030242022,Pinellas,0.093007,1900
121030243011,Pinellas,0.088954,1986
121030243012,Pinellas,0.090753,1949
121030243013,Pinellas,0.091648,1940
121030243021,Pinellas,0.090554,1931
121030243022,Pinellas,0.091595,1915
121030243023,Pinellas,0.091648,2019
121030243024,Pinellas,0.091995,1924
121030244031,Pinellas,0.089912,1966
121030244032,Pinellas,0.088315,2005
121030244033,Pinellas,0.090721,1945
121030244061,Pinellas,0.085896,2130
121030244062,Pinellas,0.086600,2118
121030244063,Pinellas,0.085613,2161
121030244081,Pinellas,0.089775,1915
121030244082,Pinellas,0.088071,2032
121030244083,Pinellas,0.089747,1990
121030244091,Pinellas,0.088202,1931
121030244092,Pinellas,0.089265,1811
121030244101,Pinellas,0.087376,2061
121030244102,Pinellas,0.087021,2102
121030244111,Pinellas,0.086841,2031
121030244112,Pinellas,0.087260,2062
121030244113,Pinellas,0.086838,2095
121030244114,Pinellas,0.085681,1876
121030244121,Pinellas,0.086495,2128
121030244122,Pinellas,0.085192,2122
121030244123,Pinellas,0.087270,2134
121030244131,Pinellas,0.087334,2035
121030244132,Pinellas,0.088412,1940
121030244133,Pinellas,0.088130,2047
121030244134,Pinellas,0.088082,2014
121030245051,Pinellas,0.092814,1931
121030245052,Pinellas,0.092286,1967
121030245053,Pinellas,0.092296,1922
121030245054,Pinellas,0.093223,1941
121030245071,Pinellas,0.091080,1923
121030245072,Pinellas,0.094066,1870
121030245073,Pinellas,0.094755,1902
121030245081,Pinellas,0.090691,1958
121030245082,Pinellas,0.091110,1952
121030245083,Pinellas,0.093036,1947
121030245091,Pinellas,0.088139,2127
121030245092,Pinellas,0.087331,2059
121030245101,Pinellas,0.090686,1958
121030245102,Pinellas,0.090955,1974
121030245103,Pinellas,0.089568,1979
121030245104,Pinellas,0.089927,2032
121030245121,Pinellas,0.091305,1899
121030245122,Pinellas,0.090723,2028
121030245141,Pinellas,0.092215,1954
121030245142,Pinellas,0.091523,1983
121030245143,Pinellas,0.092593,1955
121030245151,Pinellas,0.091395,1970
121030245152,Pinellas,0.090196,2028
121030245161,Pinellas,0.091913,1933
121030245162,Pinellas,0.091215,1899
121030245171,Pinellas,0.085566,2111
121030245172,Pinellas,0.084888,2145
121030245181,Pinellas,0.085648,2132
121030245182,Pinellas,0.085600,2161
121030245191,Pinellas,0.086393,2124
121030245192,Pinellas,0.086714,2062
121030246011,Pinellas,0.092565,1907
121030246012,Pinellas,0.092580,1934
121030246013,Pinellas,0.091310,2027
121030246014,Pinellas,0.090107,2026
121030246031,Pinellas,0.092793,1960
121030246032,Pinellas,0.093396,1926
121030246041,Pinellas,0.093336,1968
121030246042,Pinellas,0.093189,1941
121030246043,Pinellas,0.093853,1932
121030247011,Pinellas,0.093700,1918
121030247012,Pinellas,0.094751,1895
121030247013,Pinellas,0.094017,1928
121030247021,Pinellas,0.096223,1854
121030247022,Pinellas,0.095488,1856
121030247031,Pinellas,0.094167,1925
121030247032,Pinellas,0.095677,1861
121030247033,Pinellas,0.095039,1890
121030248011,Pinellas,0.095770,1857
121030248012,Pinellas,0.096579,1808
121030248031,Pinellas,0.096700,1798
121030248032,Pinellas,0.096278,1820
121030248041,Pinellas,0.097898,1766
121030248051,Pinellas,0.096915,1797
121030248052,Pinellas,0.097176,1778
121030249011,Pinellas,0.093377,1917
121030249012,Pinellas,0.094630,1846
121030249013,Pinellas,0.094590,1864
121030249041,Pinellas,0.094378,1849
121030249042,Pinellas,0.093916,1901
121030249043,Pinellas,0.094410,1814
121030249051,Pinellas,0.093040,1919
121030249052,Pinellas,0.093221,1906
121030249053,Pinellas,0.092741,1924
121030249054,Pinellas,0.092546,1930
121030249055,Pinellas,0.092680,1939
121030249061,Pinellas,0.092993,1903
121030249062,Pinellas,0.092940,1900
121030249063,Pinellas,0.092970,1933
121030249071,Pinellas,0.092615,1943
121030249072,Pinellas,0.092023,1969
121030249081,Pinellas,0.092183,1967
121030249082,Pinellas,0.092441,1941
121030250041,Pinellas,0.094064,1892
121030250042,Pinellas,0.095138,1793
121030250043,Pinellas,0.094798,1853
121030250071,Pinellas,0.095911,1777
121030250072,Pinellas,0.096162,1738
121030250073,Pinellas,0.096068,1741
121030250091,Pinellas,0.093672,1907
121030250092,Pinellas,0.093147,1941
121030250111,Pinellas,0.095184,1815
121030250112,Pinellas,0.094455,1838
121030250113,Pinellas,0.094773,1781
121030250121,Pinellas,0.095731,1775
121030250122,Pinellas,0.094627,1267
121030250123,Pinellas,0.095682,1776
121030250124,Pinellas,0.095574,1789
121030250131,Pinellas,0.096067,1742
121030250132,Pinellas,0.096077,1775
121030250133,Pinellas,0.096008,1730
121030250141,Pinellas,0.095713,1808
121030250142,Pinellas,0.097762,1672
121030250151,Pinellas,0.097685,1725
121030250152,Pinellas,0.097585,1698
121030250161,Pinellas,0.096107,1722
121030250171,Pinellas,0.097207,1748
121030250172,Pinellas,0.098482,1672
121030250173,Pinellas,0.098462,1669
121030250181,Pinellas,0.097255,1796
121030250182,Pinellas,0.097821,1783
121030250191,Pinellas,0.098359,1669
121030250192,Pinellas,0.097776,1713
121030250201,Pinellas,0.092960,1912
121030250202,Pinellas,0.092579,1948
121030250211,Pinellas,0.094630,1814
121030250212,Pinellas,0.094258,1858
121030251061,Pinellas,0.098862,1505
121030251062,Pinellas,0.098676,1562
121030251071,Pinellas,0.096655,1584
121030251072,Pinellas,0.097439,1564
121030251073,Pinellas,0.096451,1524
121030251081,Pinellas,0.098718,1441
121030251082,Pinellas,0.098618,1492
121030251091,Pinellas,0.096295,1611
121030251092,Pinellas,0.096592,1615
121030251093,Pinellas,0.097703,1537
121030251101,Pinellas,0.096196,1442
121030251102,Pinellas,0.096214,1555
121030251103,Pinellas,0.097440,1475
121030251104,Pinellas,0.096766,1507
121030251111,Pinellas,0.096350,1635
121030251112,Pinellas,0.096077,1660
121030251113,Pinellas,0.096090,1683
121030251114,Pinellas,0.096446,1648
121030251121,Pinellas,0.096168,1732
121030251122,Pinellas,0.095902,1742
121030251131,Pinellas,0.096712,1622
121030251132,Pinellas,0.096545,1640
121030251133,Pinellas,0.096480,1613
121030251141,Pinellas,0.095917,1722
121030251142,Pinellas,0.095810,1739
121030251151,Pinellas,0.095132,1726
121030251152,Pinellas,0.095046,1739
121030251161,Pinellas,0.095567,1723
121030251162,Pinellas,0.095437,1735
121030251191,Pinellas,0.095776,1603
121030251192,Pinellas,0.094618,1589
121030251193,Pinellas,0.094966,1617
121030251201,Pinellas,0.095751,1603
121030251202,Pinellas,0.095892,1527
121030251203,Pinellas,0.096013,1560
121030251211,Pinellas,0.096428,1490
121030251212,Pinellas,0.096277,1537
121030251221,Pinellas,0.096545,1381
121030251222,Pinellas,0.096572,1417
121030251223,Pinellas,0.095922,1460
121030251231,Pinellas,0.096100,1492
121030251232,Pinellas,0.095699,1527
121030252041,Pinellas,0.095214,1644
121030252042,Pinellas,0.095202,1576
121030252051,Pinellas,0.094812,1497
121030252052,Pinellas,0.094725,1504
121030252053,Pinellas,0.094044,1512
121030252054,Pinellas,0.094319,1589
121030252071,Pinellas,0.094880,1665
121030252072,Pinellas,0.094312,1688
121030252073,Pinellas,0.094163,1723
121030252074,Pinellas,0.094476,1677
121030252081,Pinellas,0.094265,1553
121030252082,Pinellas,0.094136,1589
121030252091,Pinellas,0.094259,1574
121030252092,Pinellas,0.094054,1622
121030252093,Pinellas,0.094131,1658
121030252094,Pinellas,0.094433,1644
121030252101,Pinellas,0.094755,1569
121030252102,Pinellas,0.094249,1540
121030252111,Pinellas,0.095116,1603
121030252112,Pinellas,0.095054,1685
121030253031,Pinellas,0.094469,1798
121030253032,Pinellas,0.095112,1816
121030253033,Pinellas,0.095096,1772
121030253051,Pinellas,0.094642,1811
121030253052,Pinellas,0.094467,1764
121030253071,Pinellas,0.094292,1740
121030253072,Pinellas,0.094381,1769
121030253091,Pinellas,0.094918,1713
121030253092,Pinellas,0.094673,1758
121030253101,Pinellas,0.094352,1747
121030253111,Pinellas,0.094440,1776
121030253112,Pinellas,0.094360,1778
121030253113,Pinellas,0.094617,1756
121030254011,Pinellas,0.095841,1859
121030254012,Pinellas,0.095677,1893
121030254013,Pinellas,0.095322,1859
121030254071,Pinellas,0.095174,1820
121030254072,Pinellas,0.094645,1857
121030254073,Pinellas,0.095240,1810
121030254111,Pinellas,0.093583,1886
121030254121,Pinellas,0.095295,1890
121030254122,Pinellas,0.094967,1850
121030254123,Pinellas,0.095610,1887
121030254131,Pinellas,0.095783,1922
121030254132,Pinellas,0.094784,1967
121030254133,Pinellas,0.094212,1864
121030254141,Pinellas,0.093286,1911
121030254142,Pinellas,0.094556,1832
121030254151,Pinellas,0.093002,1936
121030254152,Pinellas,0.094165,1888
121030254153,Pinellas,0.093887,1878
121030254161,Pinellas,0.094440,1861
121030254162,Pinellas,0.094870,1841
121030254171,Pinellas,0.094057,1870
121030254172,Pinellas,0.094806,1826
121030254181,Pinellas,0.092633,1948
121030254182,Pinellas,0.092733,1935
121030254191,Pinellas,0.093461,1909
121030254192,Pinellas,0.092942,1935
121030254193,Pinellas,0.093098,1931
121030254201,Pinellas,0.094542,1968
121030254202,Pinellas,0.090841,2041
121030254211,Pinellas,0.094855,1920
121030254212,Pinellas,0.094180,1851
121030255011,Pinellas,0.096107,1796
121030255012,Pinellas,0.096040,1847
121030255013,Pinellas,0.095990,1836
121030255051,Pinellas,0.096372,1723
121030255052,Pinellas,0.096259,1686
121030255071,Pinellas,0.095852,1760
121030255072,Pinellas,0.095158,1774
121030255081,Pinellas,0.095330,1826
121030255082,Pinellas,0.095173,1814
121030255091,Pinellas,0.095486,1781
121030255092,Pinellas,0.096002,1719
121030255101,Pinellas,0.096359,1749
121030255102,Pinellas,0.096242,1732
121030255103,Pinellas,0.095705,1743
121030256021,Pinellas,0.096183,1665
121030256022,Pinellas,0.095953,1702
121030256023,Pinellas,0.095587,1703
121030256031,Pinellas,0.095309,1759
121030256032,Pinellas,0.095506,1753
121030256041,Pinellas,0.095283,1774
121030257001,Pinellas,,0
121030257002,Pinellas,0.095631,1564
121030257003,Pinellas,0.096353,1634
121030258001,Pinellas,0.096259,1764
121030258002,Pinellas,0.096552,1751
121030258003,Pinellas,0.096562,1718
121030259011,Pinellas,0.096137,1805
121030259012,Pinellas,0.096508,1786
121030259013,Pinellas,0.096456,1791
121030259021,Pinellas,0.096601,1741
121030259022,Pinellas,0.096226,1792
121030260011,Pinellas,0.095780,1537
121030260012,Pinellas,0.095879,1617
121030260013,Pinellas,0.096121,1688
121030260031,Pinellas,0.095708,1590
121030260032,Pinellas,0.095664,1473
121030260041,Pinellas,0.095767,1425
121030261011,Pinellas,0.096809,1742
121030261012,Pinellas,0.096856,1749
121030261021,Pinellas,0.097966,1745
121030262001,Pinellas,0.096463,1791
121030262002,Pinellas,0.096734,1761
121030263001,Pinellas,0.098198,1794
121030263002,Pinellas,0.098096,1804
121030263003,Pinellas,0.097773,1792
121030263004,Pinellas,0.097670,1815
121030263005,Pinellas,0.096202,1803
121030263006,Pinellas,0.096263,1792
121030264011,Pinellas,0.096080,1849
121030264012,Pinellas,0.096244,1821
121030264013,Pinellas,0.096171,1805
121030264021,Pinellas,0.095965,1857
121030264022,Pinellas,0.096402,1858
121030264023,Pinellas,0.096130,1835
121030265011,Pinellas,0.096162,1858
121030265012,Pinellas,0.096709,1883
121030265021,Pinellas,0.097214,1876
121030265022,Pinellas,0.097171,1854
121030265023,Pinellas,0.096687,1869
121030266011,Pinellas,0.096558,1894
121030266012,Pinellas,0.096042,1920
121030266013,Pinellas,0.096362,1916
121030266021,Pinellas,0.096636,1875
121030266022,Pinellas,0.096639,1910
121030267011,Pinellas,0.098094,1813
121030267012,Pinellas,0.097867,1849
121030267013,Pinellas,0.097503,1856
121030267014,Pinellas,0.097687,1841
121030267031,Pinellas,0.096466,1901
121030267032,Pinellas,0.095660,1946
121030267033,Pinellas,0.094800,1978
121030267034,Pinellas,0.095899,1943
121030267035,Pinellas,0.095573,1948
121030267041,Pinellas,0.096246,1920
121030267042,Pinellas,0.096343,1905
121030267043,Pinellas,0.095747,1942
121030267051,Pinellas,0.097394,1869
121030267052,Pinellas,0.096717,1886
121030267053,Pinellas,0.097000,1895
121030268041,Pinellas,0.094195,1962
121030268042,Pinellas,0.094787,1967
121030268043,Pinellas,0.093644,1959
121030268091,Pinellas,0.090840,2060
121030268092,Pinellas,0.091960,1995
121030268111,Pinellas,0.097873,1991
121030268112,Pinellas,0.096168,1980
121030268113,Pinellas,0.096386,1984
121030268114,Pinellas,0.096873,1969
121030268121,Pinellas,0.096590,1963
121030268122,Pinellas,0.095080,2003
121030268123,Pinellas,0.094629,2009
121030268124,Pinellas,0.096949,1975
121030268131,Pinellas,0.094248,1916
121030268132,Pinellas,0.094806,1969
121030268141,Pinellas,0.093679,2036
121030268142,Pinellas,0.095599,2005
121030268151,Pinellas,0.094035,2035
121030268152,Pinellas,0.094049,1973
121030268153,Pinellas,0.093585,2028
121030268161,Pinellas,0.092505,1979
121030268162,Pinellas,0.092663,1975
121030268163,Pinellas,0.093207,1985
121030268164,Pinellas,0.092755,1976
121030268171,Pinellas,0.093936,1951
121030268172,Pinellas,0.093010,1978
121030268173,Pinellas,0.092707,1984
121030268181,Pinellas,0.093284,1952
121030268182,Pinellas,0.094568,1969
121030268183,Pinellas,0.091978,2016
121030268191,Pinellas,0.092361,2016
121030268192,Pinellas,0.093935,1996
121030268201,Pinellas,0.097993,1965
121030268202,Pinellas,0.099384,1923
121030268203,Pinellas,0.099369,1947
121030268204,Pinellas,0.100396,1933
121030268211,Pinellas,0.097642,2005
121030268212,Pinellas,0.099481,1963
121030269041,Pinellas,0.099071,1902
121030269042,Pinellas,0.097863,1949
121030269043,Pinellas,0.099170,1909
121030269081,Pinellas,0.099766,1917
121030269082,Pinellas,0.099914,1813
121030269083,Pinellas,0.099178,1760
121030269084,Pinellas,0.098781,1828
121030269091,Pinellas,0.099128,1822
121030269092,Pinellas,0.098070,1901
121030269093,Pinellas,0.097962,1890
121030269111,Pinellas,0.097976,1813
121030269112,Pinellas,0.096810,1916
121030269113,Pinellas,0.097581,1861
121030269121,Pinellas,0.096362,1921
121030269122,Pinellas,0.096822,1925
121030269123,Pinellas,0.096363,1915
121030269131,Pinellas,0.097073,1919
121030269132,Pinellas,0.096704,1960
121030269133,Pinellas,0.096862,1925
121030269141,Pinellas,0.098617,1783
121030269142,Pinellas,0.098746,1844
121030269151,Pinellas,0.098157,1836
121030269152,Pinellas,0.098160,1797
121030269161,Pinellas,0.097851,1868
121030269162,Pinellas,0.097609,1933
121030269163,Pinellas,0.098174,1880
121030269164,Pinellas,0.097955,1869
121030269171,Pinellas,0.096986,1927
121030270001,Pinellas,0.098872,1773
121030270002,Pinellas,0.098465,1775
121030270003,Pinellas,0.098817,1736
121030271051,Pinellas,0.099223,1753
121030271052,Pinellas,0.099126,1763
121030271061,Pinellas,0.077225,4
121030271062,Pinellas,0.099772,1768
121030271063,Pinellas,,0
121030271071,Pinellas,0.098373,1781
121030271081,Pinellas,0.098420,1785
121030271082,Pinellas,0.098435,1756
121030272021,Pinellas,0.106690,1696
121030272022,Pinellas,0.101482,1729
121030272023,Pinellas,0.109551,1716
121030272024,Pinellas,0.102963,1811
121030272025,Pinellas,0.105426,1706
121030272041,Pinellas,0.107299,1814
121030272042,Pinellas,0.108642,1893
121030272043,Pinellas,0.107108,1848
121030272061,Pinellas,0.103921,1799
121030272062,Pinellas,0.103796,1921
121030272063,Pinellas,0.104334,1849
121030272071,Pinellas,0.102772,1914
121030272072,Pinellas,0.102879,1844
121030272073,Pinellas,0.101346,1855
121030272074,Pinellas,0.101321,1894
121030272075,Pinellas,0.101801,1938
121030272081,Pinellas,0.100983,1873
121030272082,Pinellas,0.100226,1897
121030272083,Pinellas,0.100803,1833
121030272084,Pinellas,0.101096,1930
121030272091,Pinellas,0.099697,1777
121030272101,Pinellas,0.101532,1818
121030272102,Pinellas,0.100368,1839
121030272103,Pinellas,0.099826,1826
121030272104,Pinellas,0.099721,1889
121030272111,Pinellas,0.106174,1879
121030272112,Pinellas,0.105175,1818
121030272113,Pinellas,0.107444,1773
121030272121,Pinellas,0.107390,1896
121030272122,Pinellas,0.108342,1891
121030273081,Pinellas,0.117426,1827
121030273082,Pinellas,0.120144,1590
121030273091,Pinellas,0.110382,1796
121030273092,Pinellas,0.105484,1877
121030273141,Pinellas,0.097849,2008
121030273142,Pinellas,0.100052,1917
121030273161,Pinellas,0.102836,1959
121030273162,Pinellas,0.103699,1854
121030273163,Pinellas,0.104210,1918
121030273171,Pinellas,0.099955,1997
121030273172,Pinellas,0.097607,2014
121030273173,Pinellas,0.101028,1943
121030273181,Pinellas,0.100713,1918
121030273182,Pinellas,0.097131,2002
121030273191,Pinellas,0.094812,2046
121030273192,Pinellas,0.095368,2025
121030273193,Pinellas,0.093648,2090
121030273194,Pinellas,0.094483,2060
121030273201,Pinellas,0.092607,2100
121030273202,Pinellas,0.092160,2005
121030273203,Pinellas,0.093412,2062
121030273211,Pinellas,0.106393,1916
121030273231,Pinellas,0.098117,2019
121030273232,Pinellas,0.097514,2000
121030273241,Pinellas,0.099649,1862
121030273242,Pinellas,0.100667,1911
121030273251,Pinellas,0.096954,1936
121030273252,Pinellas,0.097190,1991
121030273261,Pinellas,0.096192,2037
121030273262,Pinellas,0.096375,2030
121030273271,Pinellas,0.093508,2043
121030273272,Pinellas,0.092393,2114
121030273281,Pinellas,0.100894,1953
121030273282,Pinellas,0.105100,1830
121030273291,Pinellas,0.100533,1961
121030273292,Pinellas,0.102449,1864
121030273301,Pinellas,0.102742,1965
121030273302,Pinellas,0.101542,1960
121030273311,Pinellas,0.100036,1979
121030273312,Pinellas,0.098801,1945
121030273321,Pinellas,0.105814,1066
121030273331,Pinellas,0.101288,1971
121030273332,Pinellas,0.104287,1957
121030274011,Pinellas,0.113913,1819
121030274012,Pinellas,0.112646,1846
121030274041,Pinellas,0.111552,1802
121030274042,Pinellas,0.109887,1868
121030274043,Pinellas,0.110987,1848
121030274044,Pinellas,0.111688,1867
121030274045,Pinellas,0.111945,1822
121030274046,Pinellas,0.109651,1776
121030275011,Pinellas,0.118927,854
121030275012,Pinellas,0.115638,1314
121030275013,Pinellas,0.114743,1750
121030275031,Pinellas,0.111798,1730
121030275032,Pinellas,0.110769,1698
121030275033,Pinellas,0.114553,1454
121030275041,Pinellas,0.109499,1751
121030275042,Pinellas,0.111533,1720
121030276031,Pinellas,0.094428,1405
121030276032,Pinellas,0.094521,1334
121030276041,Pinellas,0.095202,1395
121030276042,Pinellas,0.095326,1357
121030276043,Pinellas,0.095011,1352
121030276051,Pinellas,0.094637,1404
121030276052,Pinellas,0.094323,1314
121030276061,Pinellas,0.093631,1513
121030276062,Pinellas,0.094264,1433
121030277011,Pinellas,0.098090,1312
121030277012,Pinellas,0.098161,1197
121030277013,Pinellas,0.098124,1268
121030277031,Pinellas,0.095751,1318
121030277032,Pinellas,0.095630,1363
121030277041,Pinellas,0.097446,1251
121030277042,Pinellas,0.096457,1308
121030277043,Pinellas,0.095877,1332
121030278011,Pinellas,0.098742,1415
121030278012,Pinellas,0.098794,1415
121030278021,Pinellas,0.098929,1317
121030278022,Pinellas,0.098361,1225
121030279011,Pinellas,0.099267,1366
121030279012,Pinellas,0.099477,1400
121030279013,Pinellas,0.099022,1207
121030279051,Pinellas,0.099368,1269
121030279052,Pinellas,0.099355,1239
121030279053,Pinellas,0.099657,1198
121030279054,Pinellas,0.100020,1444
121030280021,Pinellas,0.096923,1311
121030280022,Pinellas,0.096202,1460
121030280023,Pinellas,0.095332,1256
121030280024,Pinellas,0.095001,1112
121030280041,Pinellas,0.099591,1387
121030280042,Pinellas,0.099326,1341
121030280051,Pinellas,0.098094,1309
121030280052,Pinellas,0.099010,1290
121030280061,Pinellas,0.099274,1343
121030280062,Pinellas,0.099050,1359
121030281021,Pinellas,0.100090,1537
121030281022,Pinellas,0.098187,1569
121030281023,Pinellas,0.100242,1466
121030281031,Pinellas,0.099981,1479
121030281032,Pinellas,0.100077,1507
121030281041,Pinellas,0.099778,1522
121030281042,Pinellas,0.099769,1435
121030281043,Pinellas,0.099838,1566
121030282001,Pinellas,0.099956,1649
121030282002,Pinellas,0.099955,1612
121030282003,Pinellas,0.099334,1650
121030283001,Pinellas,0.099189,1680
121030283002,Pinellas,0.099173,1686
121030283003,Pinellas,0.098245,1720
121030283004,Pinellas,0.099829,1663
121030284031,Pinellas,0.098254,1556
121030284032,Pinellas,0.098425,1633
121030284033,Pinellas,0.098246,1648
121030285001,Pinellas,0.097971,1664
121030285002,Pinellas,0.097317,1674
121030286011,Pinellas,0.095294,1807
121030286012,Pinellas,0.095212,1790
121030286021,Pinellas,0.095243,1748
121030286022,Pinellas,0.094870,1752
121030287001,Pinellas,0.095477,1791
121030287002,Pinellas,0.095489,1812
121030287003,Pinellas,0.095493,1816
121039900000,Pinellas,0.094491,1420
121039901000,Pinellas,0.095068,1531
121010301011,Pasco,0.186295,651
121010301012,Pasco,0.188697,619
121010301021,Pasco,0.187604,644
121010301022,Pasco,0.176850,778
121010301023,Pasco,0.177192,792
121010302021,Pasco,0.169236,866
121010302022,Pasco,0.176242,773
121010302023,Pasco,0.175845,777
121010302031,Pasco,0.163959,928
121010302032,Pasco,0.164476,953
121010302033,Pasco,0.166015,923
121010302041,Pasco,0.160311,920
121010302051,Pasco,0.148007,1194
121010302052,Pasco,0.153246,988
121010303031,Pasco,0.134248,1211
121010303032,Pasco,0.133157,1221
121010303041,Pasco,0.134289,1237
121010303042,Pasco,0.142315,1116
121010303043,Pasco,0.140164,1154
121010304041,Pasco,0.117758,1052
121010304042,Pasco,0.125736,935
121010304051,Pasco,0.129488,1401
121010304052,Pasco,0.128621,1362
121010304061,Pasco,0.130414,1480
121010304062,Pasco,0.130328,1376
121010304063,Pasco,0.127940,1592
121010304071,Pasco,0.128234,1361
121010304072,Pasco,0.127305,1591
121010304081,Pasco,0.127159,1411
121010304082,Pasco,0.125556,1684
121010304091,Pasco,0.126807,1393
121010304092,Pasco,0.123881,1622
121010304101,Pasco,0.124306,1698
121010304102,Pasco,0.122152,1740
121010304111,Pasco,0.121181,1592
121010304112,Pasco,0.121008,1657
121010304113,Pasco,0.121655,1540
121010304121,Pasco,0.120933,1657
121010304122,Pasco,0.120487,1788
121010305011,Pasco,0.123242,1724
121010305012,Pasco,0.121798,1720
121010305021,Pasco,0.120492,1802
121010305022,Pasco,0.120211,1744
121010305023,Pasco,0.123528,1603
121010306011,Pasco,0.128052,1467
121010306012,Pasco,0.127646,1499
121010306021,Pasco,0.125399,1696
121010306022,Pasco,0.124783,1675
121010307001,Pasco,0.128796,1540
121010307002,Pasco,0.128192,1553
121010308001,Pasco,0.135949,1316
121010308002,Pasco,0.132650,1435
121010309011,Pasco,0.142781,1223
121010309012,Pasco,0.145493,1147
121010309051,Pasco,0.137921,1240
121010309052,Pasco,0.138083,1274
121010309061,Pasco,0.145125,1225
121010309062,Pasco,0.141494,1298
121010310031,Pasco,0.163512,902
121010310032,Pasco,0.161810,978
121010310033,Pasco,0.157574,1009
121010310051,Pasco,0.152280,1118
121010310052,Pasco,0.151377,1142
121010310061,Pasco,0.148599,1178
121010310071,Pasco,0.151162,1151
121010310072,Pasco,0.145153,1218
121010310073,Pasco,0.149555,1146
121010310081,Pasco,0.154533,1084
121010310082,Pasco,0.152100,1114
121010310091,Pasco,0.163060,1026
121010310092,Pasco,0.162420,1006
121010310101,Pasco,0.162678,1013
121010310102,Pasco,0.160103,1021
121010310111,Pasco,0.157478,1045
121010310112,Pasco,0.159819,965
121010310121,Pasco,0.159095,989
121010310122,Pasco,0.155179,1001
121010310123,Pasco,0.150058,1124
121010310131,Pasco,0.159058,1056
121010310132,Pasco,0.155107,1052
121010310141,Pasco,0.154239,1106
121010310142,Pasco,0.152953,1093
121010311011,Pasco,0.172925,852
121010311012,Pasco,0.168550,940
121010311031,Pasco,0.163204,1009
121010311041,Pasco,0.164957,971
121010311042,Pasco,0.167010,907
121010311043,Pasco,0.167752,942
121010312031,Pasco,0.178595,748
121010312032,Pasco,0.174955,813
121010312041,Pasco,0.167958,916
121010312042,Pasco,0.171056,887
121010312051,Pasco,0.170147,805
121010312052,Pasco,0.164908,923
121010312053,Pasco,0.155320,1096
121010312061,Pasco,0.163659,889
121010312062,Pasco,0.147000,1113
121010312071,Pasco,0.154453,777
121010312072,Pasco,0.143432,1108
121010312081,Pasco,0.141629,987
121010312082,Pasco,0.133727,1393
121010313011,Pasco,0.149762,1115
121010313012,Pasco,0.144169,1145
121010313013,Pasco,0.144556,1068
121010313021,Pasco,0.146177,1036
121010313022,Pasco,0.151657,921
121010313023,Pasco,0.133169,1154
121010313024,Pasco,0.135380,1071
121010314011,Pasco,0.136250,1354
121010314012,Pasco,0.135568,1323
121010314013,Pasco,0.137907,1326
121010314014,Pasco,0.138893,1344
121010314041,Pasco,0.130097,1495
121010314042,Pasco,0.128083,1548
121010314061,Pasco,0.134703,1332
121010314062,Pasco,0.136218,1359
121010314071,Pasco,0.137939,1297
121010314072,Pasco,0.133146,1301
121010314101,Pasco,0.129652,1572
121010314102,Pasco,0.125668,1656
121010314111,Pasco,0.125596,1693
121010314121,Pasco,0.132494,1431
121010314122,Pasco,0.131984,1395
121010315031,Pasco,0.127262,1561
121010315032,Pasco,0.127667,1495
121010315041,Pasco,0.120418,1579
121010315051,Pasco,0.124084,1597
121010315052,Pasco,0.119774,1816
121010315061,Pasco,0.120686,1772
121010315062,Pasco,0.123857,1721
121010315063,Pasco,0.120563,1862
121010315071,Pasco,0.118392,1886
121010315072,Pasco,0.114491,1788
121010315073,Pasco,0.117307,1705
121010315081,Pasco,0.113502,1908
121010315082,Pasco,0.114587,1923
121010316011,Pasco,0.111567,1924
121010316012,Pasco,0.108325,2037
121010316021,Pasco,0.106097,1995
121010316022,Pasco,0.104770,2204
121010316023,Pasco,0.102710,2128
121010316031,Pasco,0.101036,2171
121010316032,Pasco,0.101933,2091
121010316033,Pasco,0.102639,2262
121010316041,Pasco,0.099960,1968
121010316042,Pasco,0.100433,2199
121010316043,Pasco,0.098825,2167
121010316044,Pasco,0.100095,2149
121010316051,Pasco,0.101996,2199
121010316052,Pasco,0.099761,2101
121010317011,Pasco,0.100503,2043
121010317031,Pasco,0.139766,1141
121010317032,Pasco,0.139926,1070
121010317033,Pasco,0.135619,1060
121010317041,Pasco,0.129335,1317
121010317042,Pasco,0.139218,1160
121010317051,Pasco,0.126999,1687
121010317052,Pasco,0.125289,1716
121010317061,Pasco,0.119167,1866
121010317062,Pasco,0.116885,1758
121010317071,Pasco,0.134515,1083
121010317072,Pasco,0.126585,1356
121010317081,Pasco,0.126293,1637
121010317082,Pasco,0.122810,1677
121010317083,Pasco,0.124670,1703
121010318041,Pasco,0.192731,529
121010318042,Pasco,0.182893,613
121010318043,Pasco,0.181552,598
121010318044,Pasco,0.174208,614
121010318051,Pasco,0.177438,557
121010318052,Pasco,0.156377,776
121010318061,Pasco,0.151727,824
121010318062,Pasco,0.144923,767
121010318071,Pasco,0.190182,477
121010318072,Pasco,0.177406,755
121010318073,Pasco,0.175305,663
121010318081,Pasco,0.144848,975
121010318082,Pasco,0.130626,1147
121010318091,Pasco,0.141797,608
121010318092,Pasco,0.130771,1078
121010319011,Pasco,0.403297,11
121010319021,Pasco,0.110313,1549
121010319022,Pasco,0.110653,1635
121010319023,Pasco,0.107759,1842
121010319031,Pasco,0.116971,1714
121010319032,Pasco,0.108356,1789
121010319033,Pasco,0.111552,1752
121010320011,Pasco,0.102830,2010
121010320012,Pasco,0.105463,1722
121010320013,Pasco,0.102587,1997
121010320014,Pasco,0.103187,1899
121010320051,Pasco,0.097295,1501
121010320052,Pasco,0.105922,1690
121010320053,Pasco,0.107122,1755
121010320061,Pasco,0.097530,1689
121010320062,Pasco,0.097119,1760
121010320063,Pasco,0.097996,1809
121010320071,Pasco,0.101318,2013
121010320072,Pasco,0.100405,1957
121010320081,Pasco,0.100393,2087
121010320082,Pasco,0.098535,2088
121010320091,Pasco,0.101172,1916
121010320092,Pasco,0.101133,1897
121010320093,Pasco,0.099097,1993
121010320094,Pasco,0.097830,2105
121010320101,Pasco,0.096454,2017
121010320111,Pasco,0.097466,1910
121010320112,Pasco,0.097942,1891
121010320121,Pasco,0.098677,1940
121010320122,Pasco,0.096815,1990
121010320131,Pasco,0.098362,2210
121010320132,Pasco,0.098092,2224
121010320133,Pasco,0.098480,2160
121010320141,Pasco,0.097128,2110
121010320142,Pasco,0.096142,2068
121010320143,Pasco,0.095851,2081
121010321031,Pasco,0.106396,1654
121010321032,Pasco,0.100618,1810
121010321033,Pasco,0.103057,1764
121010321041,Pasco,0.101890,1834
121010321051,Pasco,0.104868,1630
121010321052,Pasco,0.107513,1613
121010321053,Pasco,0.104434,1717
121010321061,Pasco,0.096134,1959
121010321062,Pasco,0.097085,1883
121010321071,Pasco,0.101691,1695
121010321072,Pasco,0.098833,1890
121010321073,Pasco,0.099809,1795
121010321074,Pasco,0.098582,1855
121010321081,Pasco,0.108165,1611
121010321082,Pasco,0.104438,1624
121010321083,Pasco,0.103706,1638
121010321091,Pasco,0.096017,2004
121010321101,Pasco,0.095321,1886
121010321111,Pasco,0.097583,1751
121010321112,Pasco,0.099824,1714
121010321121,Pasco,0.095183,1837
121010321131,Pasco,0.095981,1769
121010321132,Pasco,0.095650,1661
121010322001,Pasco,0.116436,1297
121010322002,Pasco,0.111142,1116
121010322003,Pasco,0.113045,1643
121010323001,Pasco,0.117353,1272
121010324011,Pasco,0.143805,542
121010324012,Pasco,0.135132,696
121010324021,Pasco,0.166417,516
121010324022,Pasco,0.169617,459
121010324023,Pasco,0.188659,185
121010325001,Pasco,0.141752,835
121010325002,Pasco,0.135511,912
121010325003,Pasco,0.132788,880
121010325004,Pasco,0.119877,1434
121010326011,Pasco,0.130895,1066
121010326012,Pasco,0.135446,963
121010326021,Pasco,0.132673,988
121010326022,Pasco,0.133866,983
121010327001,Pasco,0.137952,830
121010327002,Pasco,0.142750,550
121010327003,Pasco,0.136361,843
121010328021,Pasco,0.139779,693
121010328022,Pasco,0.130611,948
121010328041,Pasco,0.121665,1319
121010328042,Pasco,0.122148,1345
121010328051,Pasco,0.128201,862
121010328052,Pasco,0.126924,1233
121010329011,Pasco,0.111506,1432
121010329012,Pasco,0.116751,1381
121010329013,Pasco,0.115992,1247
121010329021,Pasco,0.111451,1501
121010329022,Pasco,0.110934,1547
121010329051,Pasco,0.113607,1463
121010329052,Pasco,0.108877,1575
121010329053,Pasco,0.109099,1498
121010329054,Pasco,0.107080,1618
121010330051,Pasco,0.126522,1209
121010330052,Pasco,0.123648,1295
121010330053,Pasco,0.126149,1177
121010330061,Pasco,0.119928,1319
121010330062,Pasco,0.119803,1428
121010330071,Pasco,0.116802,1380
121010330072,Pasco,0.115043,1444
121010330081,Pasco,0.117112,1512
121010330082,Pasco,0.115943,1430
121010330091,Pasco,0.121034,1359
121010330092,Pasco,0.118013,1480
121010330093,Pasco,0.119488,1431
121010330101,Pasco,0.120878,1308
121010330102,Pasco,0.118410,1432
121010330111,Pasco,0.114102,1395
121010330112,Pasco,0.115959,1437
121010330121,Pasco,0.114623,1489
121010330122,Pasco,0.113887,1546
121010330131,Pasco,0.115791,1499
121010330132,Pasco,0.116140,1517
121010330133,Pasco,0.113910,1546
121010330141,Pasco,0.111062,1523
121010330142,Pasco,0.111672,1556
121010330143,Pasco,0.111463,1547
121010330144,Pasco,0.111629,1552
121010331011,Pasco,0.150591,501
121010331012,Pasco,0.120269,916
121010331021,Pasco,0.113814,1285
121019900000,Pasco,,0
120530401011,Hernando,0.171149,332
120530401012,Hernando,0.154437,615
120530401013,Hernando,0.161611,498
120530401021,Hernando,0.141303,688
120530401022,Hernando,0.163705,520
120530402011,Hernando,0.171928,289
120530402012,Hernando,0.174307,375
120530402021,Hernando,0.145867,514
120530402022,Hernando,0.150067,773
120530402023,Hernando,0.143440,357
120530403011,Hernando,0.124031,935
120530403021,Hernando,0.156359,607
120530403022,Hernando,0.131312,871
120530403023,Hernando,0.145200,740
120530403031,Hernando,0.142211,716
120530403032,Hernando,0.154450,608
120530404001,Hernando,0.162270,657
120530404002,Hernando,0.160443,741
120530404003,Hernando,0.161569,714
120530405011,Hernando,0.161206,756
120530405012,Hernando,0.159932,778
120530405021,Hernando,0.167381,638
120530405022,Hernando,0.166106,663
120530406011,Hernando,0.171110,334
120530406012,Hernando,0.167227,508
120530406021,Hernando,0.169086,581
120530406022,Hernando,0.174787,482
120530407011,Hernando,0.193608,331
120530407012,Hernando,0.182779,451
120530407013,Hernando,0.180834,441
120530407021,Hernando,0.179214,506
120530407022,Hernando,0.186809,582
120530408011,Hernando,0.175438,630
120530408012,Hernando,0.177220,621
120530408013,Hernando,0.183347,557
120530408021,Hernando,0.168901,696
120530408022,Hernando,0.170951,585
120530408023,Hernando,0.170816,593
120530409011,Hernando,0.159486,824
120530409012,Hernando,0.166432,751
120530409013,Hernando,0.172561,713
120530409014,Hernando,0.168034,770
120530409061,Hernando,0.158762,790
120530409062,Hernando,0.154868,873
120530409063,Hernando,0.156498,808
120530409064,Hernando,0.146456,958
120530409071,Hernando,0.168914,706
120530409072,Hernando,0.163852,757
120530409081,Hernando,0.157234,828
120530409082,Hernando,0.158877,737
120530409083,Hernando,0.168014,605
120530409091,Hernando,0.164700,712
120530409092,Hernando,0.165759,667
120530409101,Hernando,0.164402,667
120530409102,Hernando,0.162451,633
120530409111,Hernando,0.144936,954
120530409112,Hernando,0.156169,801
120530409113,Hernando,0.157767,749
120530409121,Hernando,0.162252,737
120530409122,Hernando,0.168712,711
120530409131,Hernando,0.159933,822
120530409132,Hernando,0.160493,736
120530410031,Hernando,0.175168,646
120530410032,Hernando,0.185261,524
120530410041,Hernando,0.176752,642
120530410042,Hernando,0.183198,587
120530410043,Hernando,0.183454,596
120530410051,Hernando,0.172461,668
120530410052,Hernando,0.174601,675
120530410061,Hernando,0.175360,642
120530410062,Hernando,0.179302,613
120530410063,Hernando,0.174375,662
120530411031,Hernando,0.192384,535
120530411032,Hernando,0.189291,568
120530411041,Hernando,0.182068,605
120530411042,Hernando,0.182874,581
120530411051,Hernando,0.176924,652
120530411052,Hernando,0.177198,632
120530411053,Hernando,0.175428,693
120530411061,Hernando,0.172253,715
120530411062,Hernando,0.172199,698
120530412011,Hernando,0.190399,571
120530412012,Hernando,0.189209,554
120530412013,Hernando,0.186709,601
120530412031,Hernando,0.196991,530
120530412032,Hernando,0.191002,555
120530412041,Hernando,0.196889,530
120530412042,Hernando,0.197584,518
120530412043,Hernando,0.197403,527
120530413021,Hernando,0.191143,601
120530413022,Hernando,0.186732,590
120530413031,Hernando,0.196467,530
120530413032,Hernando,0.196807,511
120530413033,Hernando,0.193910,513
120530413041,Hernando,0.196566,537
120530413042,Hernando,0.193724,518
120530413051,Hernando,0.197882,491
120530414011,Hernando,0.189865,609
120530414012,Hernando,0.178365,646
120530414013,Hernando,0.181648,638
120530414021,Hernando,0.177422,612
120530414022,Hernando,0.181997,601
120530414023,Hernando,0.170103,685
120530415011,Hernando,0.200664,453
120530415012,Hernando,0.208815,318
120530415021,Hernando,0.207614,322
120530415022,Hernando,0.195345,520
120530416011,Hernando,0.193143,446
120530416012,Hernando,0.192252,49
120530416013,Hernando,0.195203,503
120530416021,Hernando,0.192965,478
120530416022,Hernando,0.197489,334
120530416023,Hernando,0.193627,467
120539900000,Hernando,0.200584,254
120174501031,Citrus,0.142092,166
120174501032,Citrus,0.143771,256
120174501041,Citrus,0.146291,217
120174501042,Citrus,0.142847,198
120174501051,Citrus,0.147703,217
120174501052,Citrus,0.149413,182
120174501061,Citrus,0.147198,146
120174501062,Citrus,0.150839,146
120174502011,Citrus,0.143759,251
120174502012,Citrus,0.145719,262
120174502013,Citrus,0.145341,260
120174502021,Citrus,0.143241,250
120174502022,Citrus,0.144415,253
120174502023,Citrus,0.144050,240
120174502024,Citrus,0.145256,260
120174503051,Citrus,0.159754,284
120174503052,Citrus,0.165534,192
120174503061,Citrus,0.154223,301
120174503062,Citrus,0.153135,282
120174503071,Citrus,0.143898,186
120174503072,Citrus,0.144071,212
120174503073,Citrus,0.144477,247
120174503074,Citrus,0.145017,246
120174503081,Citrus,0.151024,147
120174503082,Citrus,0.146689,257
120174503083,Citrus,0.147645,242
120174503091,Citrus,0.144553,156
120174503092,Citrus,0.144985,155
120174503093,Citrus,0.144405,163
120174503101,Citrus,0.145877,151
120174503102,Citrus,0.147451,161
120174504011,Citrus,0.151200,139
120174504012,Citrus,0.158303,147
120174504021,Citrus,0.147854,144
120174504022,Citrus,0.153480,142
120174504023,Citrus,0.130448,47
120174505011,Citrus,,0
120174505012,Citrus,0.161137,282
120174505021,Citrus,0.157515,134
120174505022,Citrus,0.167873,156
120174506011,Citrus,0.155579,282
120174506012,Citrus,0.155457,286
120174506013,Citrus,0.166411,318
120174506021,Citrus,0.160499,286
120174506022,Citrus,0.162480,275
120174506023,Citrus,0.152777,310
120174506024,Citrus,0.154879,294
120174507031,Citrus,0.143077,252
120174507032,Citrus,0.143554,264
120174507033,Citrus,0.142758,256
120174507041,Citrus,0.147989,280
120174507042,Citrus,0.147039,280
120174507051,Citrus,0.145578,247
120174507052,Citrus,0.144273,236
120174507053,Citrus,0.144277,253
120174507061,Citrus,0.147829,271
120174507062,Citrus,0.147531,263
120174508001,Citrus,0.153308,144
120174508002,Citrus,0.145572,161
120174508003,Citrus,0.146517,222
120174508004,Citrus,0.146968,232
120174509011,Citrus,0.152715,218
120174509021,Citrus,0.149249,256
120174509022,Citrus,0.151333,236
120174510011,Citrus,0.150030,267
120174510012,Citrus,0.150255,280
120174510021,Citrus,0.151164,147
120174510022,Citrus,0.155778,240
120174510023,Citrus,0.152152,286
120174511011,Citrus,0.164783,296
120174511031,Citrus,0.150865,282
120174511032,Citrus,0.152083,293
120174511041,Citrus,0.160859,311
120174511042,Citrus,0.152756,299
120174512001,Citrus,0.160829,219
120174512002,Citrus,0.156645,294
120174512003,Citrus,0.160789,310
120174513001,Citrus,0.168684,380
120174513002,Citrus,0.166905,309
120174514001,Citrus,0.151076,267
120174514002,Citrus,0.161891,205
120174514003,Citrus,0.147511,263
120174514004,Citrus,0.142490,146
120174515011,Citrus,0.150073,292
120174515012,Citrus,0.153793,309
120174515021,Citrus,0.167077,336
120174515022,Citrus,0.158913,300
120174515023,Citrus,0.165619,332
120174516031,Citrus,0.170251,365
120174516032,Citrus,0.167625,323
120174516041,Citrus,0.165651,463
120174516042,Citrus,0.177218,426
120174516043,Citrus,0.170115,412
120174516051,Citrus,0.166511,373
120174516061,Citrus,0.171063,361
120174516062,Citrus,0.171298,368
120174516063,Citrus,0.171865,391
120174517011,Citrus,0.165604,276
120174517012,Citrus,0.167054,308
120174517021,Citrus,0.165351,282
120174517022,Citrus,0.163157,235
120179900000,Citrus,,0
